"Explain how the repeated selection inherited variations gradually produce more effective structures, functions, and adaptive behaviors in organisms as individuals better suited to local environments survive, reproduce, and pass those advantages to offspring."
"Explain how the repeated selection inherited variations gradually produce more effective structures, functions, and adaptive behaviors in organisms as individuals better suited to local environments survive, reproduce, and pass those advantages to offspring."
"Explain how the repeated selection inherited variations gradually produce more effective structures, functions, and adaptive behaviors in organisms as individuals better suited to local environments survive, reproduce, and pass those advantages to offspring."
"Explain how the repeated selection inherited variations gradually produce more effective structures, functions, and adaptive behaviors in organisms as individuals better suited to local environments survive, reproduce, and pass those advantages to offspring."
"Explain how the repeated selection inherited variations gradually produce more effective structures, functions, and adaptive behaviors in organisms as individuals better suited to local environments survive, reproduce, and pass those advantages to offspring."
"Explain how the repeated selection inherited variations gradually produce more effective structures, functions, and adaptive behaviors in organisms as individuals better suited to local environments survive, reproduce, and pass those advantages to offspring."
"Explain how the repeated selection inherited variations gradually produce more effective structures, functions, and adaptive behaviors in organisms as individuals better suited to local environments survive, reproduce, and pass those advantages to offspring."
"Explain how the repeated selection inherited variations gradually produce more effective structures, functions, and adaptive behaviors in organisms as individuals better suited to local environments survive, reproduce, and pass those advantages to offspring."
"Explain how the repeated selection inherited variations gradually produce more effective structures, functions, and adaptive behaviors in organisms as individuals better suited to local environments survive, reproduce, and pass those advantages to offspring."
"Explain how the repeated selection inherited variations gradually produce more effective structures, functions, and adaptive behaviors in organisms as individuals better suited to local environments survive, reproduce, and pass those advantages to offspring."
"Explain how the repeated selection inherited variations gradually produce more effective structures, functions, and adaptive behaviors in organisms as individuals better suited to local environments survive, reproduce, and pass those advantages to offspring."
"Explain how the repeated selection inherited variations gradually produce more effective structures, functions, and adaptive behaviors in organisms as individuals better suited to local environments survive, reproduce, and pass those advantages to offspring."
"Explain how the repeated selection inherited variations gradually produce more effective structures, functions, and adaptive behaviors in organisms as individuals better suited to local environments survive, reproduce, and pass those advantages to offspring."
"Explain how the repeated selection inherited variations gradually produce more effective structures, functions, and adaptive behaviors in organisms as individuals better suited to local environments survive, reproduce, and pass those advantages to offspring."
"Explain how the repeated selection inherited variations gradually produce more effective structures, functions, and adaptive behaviors in organisms as individuals better suited to local environments survive, reproduce, and pass those advantages to offspring."
"Explain how the repeated selection inherited variations gradually produce more effective structures, functions, and adaptive behaviors in organisms as individuals better suited to local environments survive, reproduce, and pass those advantages to offspring."
"Explain how the repeated selection inherited variations gradually produce more effective structures, functions, and adaptive behaviors in organisms as individuals better suited to local environments survive, reproduce, and pass those advantages to offspring."
"Explain how the repeated selection inherited variations gradually produce more effective structures, functions, and adaptive behaviors in organisms as individuals better suited to local environments survive, reproduce, and pass those advantages to offspring."
"Explain how the repeated selection inherited variations gradually produce more effective structures, functions, and adaptive behaviors in organisms as individuals better suited to local environments survive, reproduce, and pass those advantages to offspring."
"Explain how the repeated selection inherited variations gradually produce more effective structures, functions, and adaptive behaviors in organisms as individuals better suited to local environments survive, reproduce, and pass those advantages to offspring."
"Explain how the repeated selection inherited variations gradually produce more effective structures, functions, and adaptive behaviors in organisms as individuals better suited to local environments survive, reproduce, and pass those advantages to offspring."
"Explain how the repeated selection inherited variations gradually produce more effective structures, functions, and adaptive behaviors in organisms as individuals better suited to local environments survive, reproduce, and pass those advantages to offspring."
"Explain how the repeated selection inherited variations gradually produce more effective structures, functions, and adaptive behaviors in organisms as individuals better suited to local environments survive, reproduce, and pass those advantages to offspring."
"Explain how the repeated selection inherited variations gradually produce more effective structures, functions, and adaptive behaviors in organisms as individuals better suited to local environments survive, reproduce, and pass those advantages to offspring."
"Explain how the repeated selection inherited variations gradually produce more effective structures, functions, and adaptive behaviors in organisms as individuals better suited to local environments survive, reproduce, and pass those advantages to offspring."
"Explain how the repeated selection inherited variations gradually produce more effective structures, functions, and adaptive behaviors in organisms as individuals better suited to local environments survive, reproduce, and pass those advantages to offspring."
"Explain how the repeated selection inherited variations gradually produce more effective structures, functions, and adaptive behaviors in organisms as individuals better suited to local environments survive, reproduce, and pass those advantages to offspring."
"Explain how the repeated selection inherited variations gradually produce more effective structures, functions, and adaptive behaviors in organisms as individuals better suited to local environments survive, reproduce, and pass those advantages to offspring."
"Explain how the repeated selection inherited variations gradually produce more effective structures, functions, and adaptive behaviors in organisms as individuals better suited to local environments survive, reproduce, and pass those advantages to offspring."
"Explain how the repeated selection inherited variations gradually produce more effective structures, functions, and adaptive behaviors in organisms as individuals better suited to local environments survive, reproduce, and pass those advantages to offspring."