"Explain how repeated selection on small bigger things and inherited variations can gradually produce more effective structures, functions, adaptively behaviors in organisms as individuals better suited to local environments survive, reproduce, and pass those advantages to offspring, over"
"Explain how repeated selection on small bigger things and inherited variations can gradually produce more effective structures, functions, adaptively behaviors in organisms as individuals better suited to local environments survive, reproduce, and pass those advantages to offspring, over"
"Explain how repeated selection on small bigger things and inherited variations can gradually produce more effective structures, functions, adaptively behaviors in organisms as individuals better suited to local environments survive, reproduce, and pass those advantages to offspring, over"
"Explain how repeated selection on small bigger things and inherited variations can gradually produce more effective structures, functions, adaptively behaviors in organisms as individuals better suited to local environments survive, reproduce, and pass those advantages to offspring, over"
"Explain how repeated selection on small bigger things and inherited variations can gradually produce more effective structures, functions, adaptively behaviors in organisms as individuals better suited to local environments survive, reproduce, and pass those advantages to offspring, over"
"Explain how repeated selection on small bigger things and inherited variations can gradually produce more effective structures, functions, adaptively behaviors in organisms as individuals better suited to local environments survive, reproduce, and pass those advantages to offspring, over"
"Explain how repeated selection on small bigger things and inherited variations can gradually produce more effective structures, functions, adaptively behaviors in organisms as individuals better suited to local environments survive, reproduce, and pass those advantages to offspring, over"
"Explain how repeated selection on small bigger things and inherited variations can gradually produce more effective structures, functions, adaptively behaviors in organisms as individuals better suited to local environments survive, reproduce, and pass those advantages to offspring, over"
"Explain how repeated selection on small bigger things and inherited variations can gradually produce more effective structures, functions, adaptively behaviors in organisms as individuals better suited to local environments survive, reproduce, and pass those advantages to offspring, over"
"Explain how repeated selection on small bigger things and inherited variations can gradually produce more effective structures, functions, adaptively behaviors in organisms as individuals better suited to local environments survive, reproduce, and pass those advantages to offspring, over"
"Explain how repeated selection on small bigger things and inherited variations can gradually produce more effective structures, functions, adaptively behaviors in organisms as individuals better suited to local environments survive, reproduce, and pass those advantages to offspring, over"
"Explain how repeated selection on small bigger things and inherited variations can gradually produce more effective structures, functions, adaptively behaviors in organisms as individuals better suited to local environments survive, reproduce, and pass those advantages to offspring, over"
"Explain how repeated selection on small bigger things and inherited variations can gradually produce more effective structures, functions, adaptively behaviors in organisms as individuals better suited to local environments survive, reproduce, and pass those advantages to offspring, over"
"Explain how repeated selection on small bigger things and inherited variations can gradually produce more effective structures, functions, adaptively behaviors in organisms as individuals better suited to local environments survive, reproduce, and pass those advantages to offspring, over"
"Explain how repeated selection on small bigger things and inherited variations can gradually produce more effective structures, functions, adaptively behaviors in organisms as individuals better suited to local environments survive, reproduce, and pass those advantages to offspring, over"
"Explain how repeated selection on small bigger things and inherited variations can gradually produce more effective structures, functions, adaptively behaviors in organisms as individuals better suited to local environments survive, reproduce, and pass those advantages to offspring, over"
"Explain how repeated selection on small bigger things and inherited variations can gradually produce more effective structures, functions, adaptively behaviors in organisms as individuals better suited to local environments survive, reproduce, and pass those advantages to offspring, over"
"Explain how repeated selection on small bigger things and inherited variations can gradually produce more effective structures, functions, adaptively behaviors in organisms as individuals better suited to local environments survive, reproduce, and pass those advantages to offspring, over"
"Explain how repeated selection on small bigger things and inherited variations can gradually produce more effective structures, functions, adaptively behaviors in organisms as individuals better suited to local environments survive, reproduce, and pass those advantages to offspring, over"
"Explain how repeated selection on small bigger things and inherited variations can gradually produce more effective structures, functions, adaptively behaviors in organisms as individuals better suited to local environments survive, reproduce, and pass those advantages to offspring, over"
"Explain how repeated selection on small bigger things and inherited variations can gradually produce more effective structures, functions, adaptively behaviors in organisms as individuals better suited to local environments survive, reproduce, and pass those advantages to offspring, over"
"Explain how repeated selection on small bigger things and inherited variations can gradually produce more effective structures, functions, adaptively behaviors in organisms as individuals better suited to local environments survive, reproduce, and pass those advantages to offspring, over"
"Explain how repeated selection on small bigger things and inherited variations can gradually produce more effective structures, functions, adaptively behaviors in organisms as individuals better suited to local environments survive, reproduce, and pass those advantages to offspring, over"
"Explain how repeated selection on small bigger things and inherited variations can gradually produce more effective structures, functions, adaptively behaviors in organisms as individuals better suited to local environments survive, reproduce, and pass those advantages to offspring, over"
"Explain how repeated selection on small bigger things and inherited variations can gradually produce more effective structures, functions, adaptively behaviors in organisms as individuals better suited to local environments survive, reproduce, and pass those advantages to offspring, over"
"Explain how repeated selection on small bigger things and inherited variations can gradually produce more effective structures, functions, adaptively behaviors in organisms as individuals better suited to local environments survive, reproduce, and pass those advantages to offspring, over"
"Explain how repeated selection on small bigger things and inherited variations can gradually produce more effective structures, functions, adaptively behaviors in organisms as individuals better suited to local environments survive, reproduce, and pass those advantages to offspring, over"
"Explain how repeated selection on small bigger things and inherited variations can gradually produce more effective structures, functions, adaptively behaviors in organisms as individuals better suited to local environments survive, reproduce, and pass those advantages to offspring, over"
"Explain how repeated selection on small bigger things and inherited variations can gradually produce more effective structures, functions, adaptively behaviors in organisms as individuals better suited to local environments survive, reproduce, and pass those advantages to offspring, over"
"Explain how repeated selection on small bigger things and inherited variations can gradually produce more effective structures, functions, adaptively behaviors in organisms as individuals better suited to local environments survive, reproduce, and pass those advantages to offspring, over"